update,split,scope,count,runs,standardized_mse,displacement_standardized_mse,velocity_standardized_mse,displacement_loss_contribution,velocity_loss_contribution
16000,train,always_resting,561,5,0.003177936464406285,0.0043773003576114845,0.001978572571201085,0.0021886501788057422,0.0009892862856005426
16000,train,breakaway,810,5,0.002824036465014274,0.0036980024662147414,0.0019500704638138063,0.0018490012331073707,0.0009750352319069032
16000,train,moved_then_stopped,3321,5,0.0024298156720977447,0.0027269210315106394,0.00213271031268485,0.0013634605157553197,0.001066355156342425
16000,train,moving_at_observation,4118,5,0.004327618782748694,0.004393824080536837,0.004261413484960552,0.0021969120402684185,0.002130706742480276
16000,train,overall,8000,5,0.0034591717938659574,0.0037006922262396965,0.0032176513614922187,0.0018503461131198482,0.0016088256807461094
16000,validation,always_resting,64,5,0.0030202045595023193,0.004836262618469242,0.0012041465005353962,0.002418131309234621,0.0006020732502676981
16000,validation,breakaway,102,5,0.0024945531332651863,0.0037068878117113933,0.0012822184548189784,0.0018534439058556966,0.0006411092274094892
16000,validation,moved_then_stopped,417,5,0.0024460401420227863,0.0025753679751641992,0.002316712308881373,0.0012876839875820996,0.0011583561544406865
16000,validation,moving_at_observation,519,5,0.004226802553438002,0.004226327768617617,0.004227277338258386,0.0021131638843088084,0.002113638669129193
16000,validation,overall,1000,5,0.0034070023562659734,0.003576913365138046,0.0032370913473939006,0.001788456682569023,0.0016185456736969503
20000,train,always_resting,561,5,0.0031192790408275687,0.004303889461371546,0.0019346686202835915,0.002151944730685773,0.0009673343101417957
20000,train,breakaway,810,5,0.0027657016577261077,0.0036292829993148585,0.0019021203161373572,0.0018146414996574292,0.0009510601580686786
20000,train,moved_then_stopped,3321,5,0.0023788614171279315,0.0026815439771667453,0.0020761788570891177,0.0013407719885833726,0.0010380894285445588
20000,train,moving_at_observation,4118,5,0.00425490491842269,0.004320794547816612,0.004189015289028769,0.002160397273908306,0.0020945076445143844
20000,train,overall,8000,5,0.0033964765952813453,0.003639115185488626,0.0031538380050740653,0.001819557592744313,0.0015769190025370326
20000,validation,always_resting,64,5,0.002953239962174458,0.004745505260177572,0.0011609746641713453,0.002372752630088786,0.0005804873320856726
20000,validation,breakaway,102,5,0.0024379052250140735,0.0036363726558107756,0.0012394377942173713,0.0018181863279053878,0.0006197188971086856
20000,validation,moved_then_stopped,417,5,0.0023935975435487623,0.0025299023853243125,0.0022572927017732126,0.0012649511926621562,0.0011286463508866063
20000,validation,moving_at_observation,519,5,0.004156742971435663,0.004152432928050634,0.004161053014820694,0.002076216464025317,0.002080526507410347
20000,validation,overall,1000,5,0.003344487135414109,0.0035137943209898816,0.003175179949838336,0.0017568971604949408,0.001587589974919168
