seed,update,schedule,validation_standardized_mse,validation_intermediate_pass_rate
42,2000,E2 original,0.0074990347727694005,0.0
42,4000,E2 original,0.007221877253089864,0.002
42,6000,E2 original,0.007126007932491312,0.001
42,8000,E2 original,0.007013523636552572,0.0
42,10000,E2 original,0.006902758775564837,0.0
42,2000,E3 E1-A patience,0.006708087971049298,0.001
42,4000,E3 E1-A patience,0.0040513683063015445,0.002
42,6000,E3 E1-A patience,0.0038204911884579325,0.002
42,8000,E3 E1-A patience,0.003788896386026486,0.002
42,10000,E3 E1-A patience,0.0037433846724693152,0.002
1006,2000,E2 original,0.00712586204428041,0.0
1006,4000,E2 original,0.006569242868560568,0.0
1006,6000,E2 original,0.006500812974019923,0.001
1006,8000,E2 original,0.00642084745486138,0.0
1006,10000,E2 original,0.006348478074477652,0.001
1006,2000,E3 E1-A patience,0.006930273047087732,0.0
1006,4000,E3 E1-A patience,0.004928864835405668,0.001
1006,6000,E3 E1-A patience,0.004801690065837256,0.001
1006,8000,E3 E1-A patience,0.004738166023250802,0.001
1006,10000,E3 E1-A patience,0.0046872360048319005,0.002
10086,2000,E2 original,0.006893804708581913,0.0
10086,4000,E2 original,0.006256327093005773,0.0
10086,6000,E2 original,0.006153307455734345,0.0
10086,8000,E2 original,0.006043563224037417,0.0
10086,10000,E2 original,0.005940412549633178,0.0
10086,2000,E3 E1-A patience,0.006985567621718163,0.0
10086,4000,E3 E1-A patience,0.0035380507980933467,0.002
10086,6000,E3 E1-A patience,0.0030560038225578958,0.002
10086,8000,E3 E1-A patience,0.0030240383421273435,0.0
10086,10000,E3 E1-A patience,0.0029982939330450973,0.0
104792,2000,E2 original,0.00513392508368432,0.0
104792,4000,E2 original,0.004327191358187675,0.0
104792,6000,E2 original,0.004261282823232547,0.0
104792,8000,E2 original,0.004194285401757834,0.002
104792,10000,E2 original,0.00412374193322825,0.001
104792,2000,E3 E1-A patience,0.004907254614913492,0.0
104792,4000,E3 E1-A patience,0.0032012056321653625,0.001
104792,6000,E3 E1-A patience,0.003091263287289001,0.005
104792,8000,E3 E1-A patience,0.0030654313439486686,0.002
104792,10000,E3 E1-A patience,0.003031913105279206,0.002
230786,2000,E2 original,0.00612038087876434,0.002
230786,4000,E2 original,0.004617904135723526,0.001
230786,6000,E2 original,0.004541884044047301,0.0
230786,8000,E2 original,0.00444485789035696,0.0
230786,10000,E2 original,0.004364381808547531,0.001
230786,2000,E3 E1-A patience,0.00612038087876434,0.002
230786,4000,E3 E1-A patience,0.003294800555771127,0.0
230786,6000,E3 E1-A patience,0.0031600576219592653,0.002
230786,8000,E3 E1-A patience,0.0031205001707042966,0.002
230786,10000,E3 E1-A patience,0.0030850334079044863,0.002
