row_id,motion_group,v0_m_s,force_N,force_duration_s,observation_time_s,displacement_m,v_final_m_s
train:2,moved_then_stopped,1.7091929966684223,-1.794213799774592,0.3625257705965217,2.0024562656546356,0.30833954549395526,0.0
train:3,moved_then_stopped,9.618598767894333,-8.241627219221824,0.8674137149379527,1.251938414695302,4.135510235734302,0.0
train:4,always_resting,0.0,2.2165160407538593,0.5654335365827655,0.8502718089387865,0.0,0.0
train:5,moved_then_stopped,0.0,4.026529263851527,0.10866169048260388,1.6725165847498467,0.008751936573771713,0.0
train:6,moving_at_observation,2.795897562496867,19.6667097411975,0.4971036322217762,1.6581373773038752,14.370873562542807,7.692392107292228
train:7,always_resting,0.0,-2.7968887551212127,0.5500617874439038,2.0046287116893406,0.0,0.0
train:8,moved_then_stopped,-1.7917503271197184,15.834754641203489,0.31723443040759275,1.9178656480962768,1.6209428691183319,0.0
train:9,moved_then_stopped,0.0,4.018536710664294,0.8715859105626692,1.9525922441584904,0.5578190261044271,0.0
train:10,always_resting,0.0,3.807912368861749,0.3016659420619706,1.2483840993141082,0.0,0.0
train:11,moved_then_stopped,1.221674319718673,0.0,0.8218413550191181,1.3843782296790021,0.25356577360857663,0.0
train:12,moved_then_stopped,3.248933615990513,-1.8279102339881717,0.6539749073982931,0.7828350685805087,1.107323905346598,0.0
train:13,moved_then_stopped,1.8174966948393916,-12.28366561889561,0.13709878674731363,1.7817594359826965,0.1023387516699078,0.0
train:14,always_resting,0.0,-3.9057091358852545,0.8962157411862303,1.102642986954756,0.0,0.0
train:15,moved_then_stopped,-0.4590871568918935,-2.226968553090352,0.6618640617118534,1.1308219686742478,-0.14717301770244512,0.0
train:16,moving_at_observation,-5.709599913467597,-5.70783297459986,0.6843811570970194,1.8940452600699835,-11.59743226900176,-4.0417580487548115
train:17,moving_at_observation,5.721232181656951,-0.2183435360719166,0.983510843509363,1.0819343275226956,4.3407493156405685,2.32235622042075
train:18,moved_then_stopped,1.638471715092905,-6.298041395590754,0.722045344802713,2.2931162420403606,-0.9200272699544398,0.0
train:19,moved_then_stopped,0.11844690188648954,0.0,0.631644650043275,2.5813637493368358,0.0023835658454821065,0.0
train:20,moving_at_observation,9.998808831770678,16.2307085372001,0.7741549733754388,1.815223187315853,31.246195625937588,17.221690726980775
train:21,moving_at_observation,4.444620419010887,6.561125927970359,0.8959822617985309,1.1573307035005496,7.342908265176828,6.917248607496637
train:22,moved_then_stopped,-0.5740353534767824,-2.2868199899676376,0.8540463356212684,1.0279708718778588,-0.2509770835332426,0.0
train:23,moving_at_observation,5.21292405478043,11.737198872929469,0.48776659831080604,1.4907391497986495,11.639257458043595,6.550692304869237
train:24,moving_at_observation,-1.125838507278651,-3.379529073067296,0.10840254221822201,0.10840254221822201,-0.12460860714713004,-1.1731593685513098
train:25,moving_at_observation,1.336070910227301,16.640560475108344,0.38347450559258667,0.49518065935989297,2.237121338878093,6.259984930706847
train:26,moved_then_stopped,1.9464328979836196,-17.27789145468801,0.20298560428328732,1.719234867346703,-0.38562716988265416,0.0
train:27,moving_at_observation,3.7521139033748305,5.263371527001091,0.6098374968103134,1.9090611427708142,6.9490902174458355,1.3435482770093468
train:28,moved_then_stopped,-7.73364271558906,11.064653484927767,0.4051758906769526,1.3766290262891707,-2.703305992750992,0.0
train:29,moved_then_stopped,0.0,-9.221753349293241,0.6951544337392319,2.4333404238259533,-4.753672535438428,0.0
train:30,moving_at_observation,0.0,19.288455260956574,0.34314478964892026,0.7074240497155556,2.810248601395095,4.536783944860672
train:31,moving_at_observation,3.3841559156130288,6.510706177513089,0.6119875949744091,2.4930261668083196,8.005320622037512,0.031651321857409265
train:32,moved_then_stopped,1.1043530685263931,-15.29177581282771,0.22191722504162997,1.4910593038806825,-0.8018194261893652,0.0
train:33,moved_then_stopped,0.0,4.026922820488146,0.5009370119796294,1.9106839862428489,0.18608769223368554,0.0
train:34,moved_then_stopped,0.8849963792837698,7.326540526397885,0.3680117226466304,1.995462447164058,1.6828314938126867,0.0
train:35,moved_then_stopped,0.9890016983247065,-3.208017256964183,0.31796829679066607,2.097692220609275,0.07950915421199,0.0
train:36,moved_then_stopped,2.0272952349657665,-1.8830468829530926,0.4383727793822586,1.7831856549821632,0.42580667670596783,0.0
train:37,moved_then_stopped,-0.4313807372487961,0.0,0.8873845243299263,1.1441307707192585,-0.03161558621632941,0.0
train:38,moving_at_observation,9.811303103947818,17.952324839739845,0.29352966439491346,0.922656212686449,11.888370502228646,12.365465755328904
train:39,moving_at_observation,-8.519877018640605,-15.817040365327637,0.7299415645229517,1.8812552501092812,-28.326531711504416,-14.528858007958924
train:40,moving_at_observation,-1.731035575322597,-7.31531569455842,0.1175977614105262,0.1175977614105262,-0.23379879589324423,-2.245210113182777
train:41,moved_then_stopped,0.0,3.938294016516918,0.25889546397077756,0.44675829795105393,0.04463629650156477,0.0
train:42,always_resting,0.0,3.8114374795223096,0.9395199957034348,1.0823886898781916,0.0,0.0
train:43,moved_then_stopped,0.0,-17.041113538969263,0.3112353849859931,1.9662523063851873,-3.953817779206872,0.0
train:44,moved_then_stopped,-3.8740174079689353,1.2927771046866536,0.9250545265852111,1.4689642754075427,-1.7715770337207795,0.0
train:45,moved_then_stopped,-1.495919047715148,0.0,0.5912095869425072,2.009744086630059,-0.3801858303290851,0.0
train:46,moving_at_observation,8.499434952083128,-15.555772863066695,0.7507932463470455,0.7507932463470455,1.4173154525772023,-3.6745277187880654
train:47,always_resting,0.0,-3.893978665820647,0.7911427170707975,1.607546949149853,0.0,0.0
train:48,always_resting,0.0,2.627652464266067,0.20983449022085854,1.860946525351328,0.0,0.0
train:49,moving_at_observation,-3.601359324094222,-18.604303113486125,0.6904850874645092,1.2601086344991974,-13.953911913612773,-12.738853475294793
train:50,moved_then_stopped,-3.0930439761297324,13.681622311882867,0.19241010126247898,1.7081447429065542,-0.2867244115942123,0.0
train:51,moving_at_observation,0.0,8.977064171102668,0.7991169175939319,1.530380153173512,4.665856245865472,2.669815058664844
train:52,moving_at_observation,5.320448507705187,-2.317019985706441,0.515013556340212,0.515013556340212,2.0425219835308672,2.611466908445922
train:53,always_resting,0.0,3.766531716433523,0.9257055425619698,1.2106930865508063,0.0,0.0
train:54,moved_then_stopped,-2.401810595993304,-0.8717661265823651,0.38738279256334673,0.9696840213092842,-1.209641304233399,0.0
train:55,moving_at_observation,-7.400989032395737,19.936245376481892,0.32069951494536564,0.32069951494536564,-1.1969492321745292,-0.063626137841994
train:56,always_resting,0.0,-3.882005163254338,0.16596912071547243,1.116484850215968,0.0,0.0
train:57,moved_then_stopped,-1.7514064075818325,-1.0422542145421658,0.9227467383478666,1.9872928563939185,-0.8069002251607906,0.0
train:58,moved_then_stopped,-3.532125047986055,12.705584550350704,0.21803866421384066,1.5645879000962828,-0.400617979380057,0.0
train:59,moving_at_observation,-6.1883663297658975,-14.681917283708517,0.86426905346013,2.0716164686349634,-27.308434035963014,-12.780725816343883
train:60,moving_at_observation,-8.346250068160714,-16.22197165066458,0.44913815245340893,2.4026989398771446,-27.428262581814092,-8.561013464433344
train:61,moved_then_stopped,1.419956875053817,0.0,0.8381452882185298,1.216501413908847,0.34255479561885854,0.0
train:62,always_resting,0.0,-3.7445302544324806,0.18085370332259526,1.0479686420884882,0.0,0.0
train:63,moved_then_stopped,-3.469261748445394,3.4326449779505164,0.5294871635956439,2.3967717871629555,-0.9446856511827126,0.0
train:64,moved_then_stopped,-7.816318985736017,7.2871376633697835,0.4364763220454444,2.4319745672882975,-4.345060503742564,0.0
train:65,moving_at_observation,6.023360442597351,-17.039151528588263,0.12616220346449028,0.9771067616213402,2.5156916735848496,0.998038341133713
train:66,moved_then_stopped,4.457447165997211,-12.85799782116699,0.3597742599459173,1.9420379493397366,0.49804061130971083,0.0
train:67,moving_at_observation,-9.948366215054211,0.6471186376951437,0.984280109101654,0.984280109101654,-8.052912351956415,-6.414683850655754
train:68,moving_at_observation,0.0,-4.036740694844671,0.9371593021125576,1.2311630885889269,-0.6544612395375956,-0.1597561226727805
train:69,moving_at_observation,2.997983028780398,18.266443440516312,0.23347390077606717,0.6421417095819697,3.559076383515343,5.3728977808434095
train:70,moving_at_observation,-6.299137207998113,-8.09085017621677,0.9336865197363445,0.9336865197363445,-8.125291502210564,-11.105615523154079
train:71,moving_at_observation,-7.836178913224698,-11.081833157786134,0.11556218699438342,0.5121708480224694,-4.209370116864878,-7.60950098311521
train:72,moved_then_stopped,-4.510219420602654,10.056158588627348,0.9491213567487955,2.846147162002455,3.624090678313838,0.0
train:73,moved_then_stopped,0.0,-4.051139663954764,0.9470647607418714,1.389841769449233,-0.6840861733625523,0.0
train:74,moved_then_stopped,0.0,7.895222066383042,0.23722238277079297,1.2075843786622873,0.37381397266046895,0.0
train:75,moved_then_stopped,3.0759940060897346,6.885701837054899,0.588630303650776,2.519577225863092,7.441904281507892,0.0
train:76,moved_then_stopped,0.0,3.988452572351803,0.3810380335370933,1.6824032893419871,0.10285494216024686,0.0
train:77,moved_then_stopped,4.339860758709829,0.0,0.5743313597110138,2.135071608173684,3.1998626240213133,0.0
train:78,moved_then_stopped,0.0,4.098212198353255,0.651296093528382,1.9424882055548733,0.34118733106464955,0.0
train:79,moved_then_stopped,0.0,-3.997093312969948,0.7841108966234588,1.3843419300762179,-0.44010678695426875,0.0
train:80,moved_then_stopped,1.5943334782692133,0.0,0.8574927283862119,1.9595908376837636,0.4318551206133211,0.0
train:81,moved_then_stopped,9.484690866104238,-3.0183843288707557,0.8986293465211997,2.3257003438025676,9.010740885739258,0.0
train:82,moving_at_observation,7.490496936841687,8.279731223195,0.823924337950516,2.329842482603306,22.547665857860135,7.455642577019314
train:83,moving_at_observation,2.373847354442354,11.804959527630277,0.3223749860581724,1.3789239839946916,5.109645619992086,2.121297732683076
train:84,moved_then_stopped,-0.8176156645049524,0.0,0.7353601373919881,1.6839168256164871,-0.11357379796871811,0.0
train:85,moving_at_observation,-3.310648820385243,-2.665173024250681,0.9356745789485348,0.9583553965763238,-3.0445082471538547,-2.9839435355518704
train:86,moving_at_observation,5.928981855695895,7.135276069044238,0.681953181710032,0.681953181710032,5.018118292872467,8.78791785958744
train:87,moving_at_observation,-6.34374158448193,-10.046897596080985,0.14987579389587924,1.8850090782723783,-9.454970734681131,-2.3019466205295585
train:88,moving_at_observation,-3.774835490874226,18.05882188012569,0.10844473970268408,0.6155853990002603,-0.6667509718926903,-0.00478342348909333
train:89,moving_at_observation,5.547639741985183,-14.811661262959564,0.47221718437225013,0.8931700353782964,0.17784097253236575,-0.65722744277312
train:90,moved_then_stopped,4.351943492693973,0.25442441820685957,0.16576944277666844,1.726941601283859,3.2768787708926843,0.0
train:91,moving_at_observation,2.9763385273315617,12.64775515466907,0.15964622618345903,0.762716699026206,2.79295321996438,2.750829662232746
train:92,moving_at_observation,-9.391564882288419,-8.12266135197068,0.9040246322612305,2.596531854876879,-30.212068514274925,-9.093057575083566
train:93,moved_then_stopped,-2.2443819340014777,0.0,0.8706770689001472,2.5898722597375694,-0.8558019479565431,0.0
train:94,always_resting,0.0,-3.921709535794408,0.6712428203545919,1.3965072297743835,0.0,0.0
train:95,always_resting,0.0,-3.913528256911163,0.13820113563314249,2.0375904604251676,0.0,0.0
train:96,moved_then_stopped,0.0,-4.034155612833658,0.38409274702682705,0.9059257228938963,-0.1103294091526468,0.0
train:97,moving_at_observation,-3.1415469418743625,19.114882771149347,0.5984695070075459,2.3687481877153336,9.90251436248111,2.1652026154468116
train:98,moved_then_stopped,0.33777759498679316,6.103176984168499,0.511505933951309,1.4175078582288012,1.2350151252204262,0.0
train:99,moved_then_stopped,-9.112774135547655,8.761558938027216,0.7695851255888595,1.6437968346602676,-3.5488543439069833,0.0
train:100,moving_at_observation,3.973828107634535,0.0,0.47059918481081053,0.7855467677157552,2.2135891251489763,1.6619639702470677
train:101,moving_at_observation,-6.641557297295762,-7.910437629954931,0.7813972995509499,1.4154638106268813,-12.78695100990564,-8.65704190493385
train:102,moving_at_observation,-8.808275815743897,16.359227872388303,0.48369225256988735,0.48369225256988735,-2.004740223229837,0.3670355414072134
train:103,moved_then_stopped,0.0,-4.03388692217595,0.7388382275533827,1.269130677682879,-0.40811439462918875,0.0
train:104,moved_then_stopped,4.744782456978189,3.669682234039236,0.9319000067772047,2.833751086559735,9.73173833922796,0.0
train:105,moving_at_observation,-4.2647668977612385,3.6660970291320965,0.2409448601791349,0.2603283308806997,-0.8869763309403906,-2.6152933838919643
train:106,moving_at_observation,0.05256773737434273,11.724466393776638,0.49920708168897676,1.9436290096369682,4.458319616968935,0.185404214810462
train:107,moved_then_stopped,-0.781603645530895,0.0,0.5776781392102726,2.4991613771395285,-0.10378937456798928,0.0
train:108,moved_then_stopped,-6.926325791106313,6.041687458636419,0.7515736748723566,2.7277244464214223,-2.6732097333929836,0.0
train:109,always_resting,0.0,-3.8775407752227053,0.6829715281975416,0.866241616272407,0.0,0.0
train:110,moving_at_observation,-5.834602652576121,16.253626600324893,0.9491491678186194,1.688178164775259,7.427113622359144,6.413189866757464
train:111,moving_at_observation,-6.616540466449933,-6.805413381017864,0.4718280023076995,1.270289233022917,-9.351819541665575,-6.089063854107234
train:112,moving_at_observation,0.0,12.929874059515392,0.22076199945776392,0.46450340185209577,0.6933199262993761,1.4873913384649748
train:113,moving_at_observation,-8.136589172285134,-12.364608057970674,0.43164703135907034,2.2797158278709357,-21.91686755432949,-6.764531853002452
train:114,moving_at_observation,0.0,6.05117125983714,0.5879641549971024,1.123400162309354,1.0938891203209455,0.2517051188564672
train:115,moving_at_observation,7.7616022185702676,19.188058554165643,0.33507617239211057,1.5161000659206219,17.055562409543743,9.729180940531396
train:116,moving_at_observation,2.625715068978767,-19.07440832186709,0.6535042532087503,0.6535042532087503,-2.145553623154847,-8.618171572866247
train:117,moved_then_stopped,0.0,7.303137574714324,0.6333650837863145,2.2255691340702475,2.1701894731130764,0.0
train:118,moving_at_observation,-7.621826094587512,-9.954822926399336,0.3961197975836046,0.3961197975836046,-3.569271911913037,-10.399347972884895
train:119,moving_at_observation,0.0,8.34273844433421,0.9702222919247252,1.8779037934249847,6.08441849825505,2.5676399503407237
train:120,moving_at_observation,-2.6022793512149285,15.20398027356849,0.8837921608675383,2.641615255167182,14.584579620345224,3.904658704544314
train:121,moved_then_stopped,0.0,4.116923096714238,0.7977492527872597,1.4061025963094815,0.5225465157805727,0.0
train:122,moved_then_stopped,1.0282808948956834,0.0,0.7799945975665175,1.2053109216942257,0.17964009493840769,0.0
train:123,moved_then_stopped,0.0,-19.98600574658088,0.24357925232814065,2.2088566209534695,-3.433464225943968,0.0
train:124,moving_at_observation,-4.3725340116143,11.07893681108331,0.8165842941094394,1.286791191422846,1.9602618307572741,2.722787521997625
train:125,moving_at_observation,-4.1747863140394585,11.584141535118885,0.9186639919819721,2.0477120020687596,5.405164002034507,2.1322400799005052
train:126,moving_at_observation,9.376307227423972,-17.083159124902394,0.2232087508223635,0.22825629556472074,1.6187279515762827,4.891438341207875
train:127,moving_at_observation,-3.303443237968457,-16.62142131144398,0.2584439143138302,1.780940789244008,-8.311303694433,-2.3578396804122406
train:128,moved_then_stopped,0.0,3.9660690815098496,0.46388208700286837,0.7022124714859423,0.1483406512898706,0.0
train:129,always_resting,0.0,-3.7525504476085887,0.7616203085473704,2.5125253453791134,0.0,0.0
train:130,moving_at_observation,3.4498114843380083,14.414354422471,0.2538997661135128,1.1980987198501745,5.94115578080611,3.583608168361611
train:131,moving_at_observation,-4.992884617705697,12.173567183458232,0.7659156210990735,0.7659156210990735,0.051276463201760936,4.021051019298758
train:132,moving_at_observation,-8.151785923672726,-2.3650102978661813,0.39525396672939617,1.787902583300564,-11.357365967088418,-3.824768322606645
train:133,moving_at_observation,9.811443436856603,16.98374367977604,0.17724790022023412,1.2772977139624626,13.709701291532356,9.06268916978405
train:134,moved_then_stopped,0.0,4.5145032514404235,0.4092170669717381,1.0272650393664353,0.20184243315909986,0.0
train:135,moved_then_stopped,3.294375764966235,1.1747035923989415,0.8643851831069757,1.4874485833701234,2.7167998160417843,0.0
train:136,moving_at_observation,7.072229253695191,-17.00835144152395,0.9016235405838554,2.4661831191910366,-9.290550373075744,-3.0913560379492333
train:137,moving_at_observation,4.808621603437723,-16.988146530824896,0.7364965590287651,1.7355438855274368,-6.622594008608347,-4.0154503676612565
train:138,moved_then_stopped,5.3548282861968985,-4.199229974640621,0.7212554117477048,1.7906866780642114,2.0115041028383644,0.0
train:139,moving_at_observation,8.483476399317802,0.0,0.5371671755971107,2.3544876385553968,11.816815197148097,1.5542192790492688
train:140,moving_at_observation,-8.291788070042998,-16.432131808605828,0.5223542070237231,0.8619319291982367,-11.210255195404404,-14.338515583006181
train:141,moved_then_stopped,0.0,4.7800133039132895,0.563206736826452,1.1299678036661136,0.47321317889040626,0.0
train:142,moving_at_observation,9.317780629279905,-11.03087421299854,0.3142632111388566,0.801317447776545,4.28850251851159,3.492905428627805
train:143,moved_then_stopped,-1.211743879308722,5.0422603123618295,0.5475771045839135,1.5671382347235991,0.18982581690954559,0.0
train:144,moving_at_observation,8.792350214755093,15.589673727348355,0.16911420254023743,0.309192508604224,3.170090112678269,10.51883190219587
train:145,moving_at_observation,0.0,-11.433349076610938,0.7230879061077043,2.2597145549546105,-8.178842056342681,-1.6169765083736403
train:146,moved_then_stopped,-1.8045780311113653,1.2582301104280447,0.4728493843361665,0.8034505586138947,-0.3875652826402767,0.0
train:147,moved_then_stopped,1.8981978225734792,-2.5688385847322124,0.9477109847557916,2.3685180930557976,0.3268559953482159,0.0
train:148,moving_at_observation,9.565287489348645,17.808341143200472,0.8103282609753205,0.8103282609753205,12.631551306128735,21.611093526723167
train:149,moving_at_observation,-6.922218677633875,-19.72243678893848,0.34718960603266946,2.0041957903428824,-20.49766227953916,-7.871295525410549
train:150,moved_then_stopped,0.10142068497876622,1.9615330128635868,0.4287421558835892,0.4287421558835892,0.005240194258379305,0.0
train:151,moved_then_stopped,-2.7853842218499985,12.428223538216919,0.18211514176077143,1.4964163661797028,-0.25235005692464824,0.0
train:152,moved_then_stopped,-1.9263866084637389,-4.38589298461924,0.2662246323028591,1.773836350652744,-1.4709678176551089,0.0
train:153,moving_at_observation,-6.573915143283977,-6.377552512850064,0.3418000734994227,1.3777774043879023,-8.894895706825759,-4.69896415980896
train:154,moving_at_observation,-5.677401773068831,-17.167950543987804,0.4362392717953567,1.2053757164146095,-12.09930559655507,-9.619315283188573
train:155,moving_at_observation,5.785374816453498,-1.9981122224806391,0.47870338075809726,1.585772983591906,4.186089306783568,0.16194184970696135
train:156,moving_at_observation,7.647761887856916,10.603095363233834,0.10074977580905102,1.6130643209952222,10.176881213954205,3.9687730718957743
train:157,moving_at_observation,0.0,10.387474088604328,0.7555682790444308,2.5633645955740874,7.484421824417624,0.3044639159708513
train:158,moved_then_stopped,-5.757088288327951,14.665148732475688,0.32285286458797263,1.1702965919011867,-0.9418955909350074,0.0
train:159,moved_then_stopped,2.5054363018989445,-5.852568506301576,0.6168170447835143,1.7068520806153238,0.03802405165978798,0.0
train:160,moved_then_stopped,-0.27821841855146445,0.0,0.9819592979766547,1.3232376111499657,-0.01315077954829729,0.0
train:161,moved_then_stopped,0.3560722959895486,2.5234300240601053,0.8797401251616089,1.200887406867916,0.1510921744188764,0.0
