row_id,pred_displacement_m,pred_v_final_m_s
train:2,-0.8644254778190134,0.08393508166805093
train:3,-0.11551521146268931,-0.06187411514344469
train:4,-0.9401586550996189,0.08836014975015115
train:5,-0.8886439633378882,0.16849635776827282
train:6,-1.1225002551197756,0.33349003951160033
train:7,-0.92918874060484,0.2585891612164513
train:8,-0.7321541163725781,0.3104818386323897
train:9,-0.7733387189346566,0.1802161225158969
train:10,-1.0341992106507956,0.04777265128647042
train:11,-0.6014052755849444,0.12006465557482791
train:12,-0.47637041143294667,-0.055955449390376485
train:13,-0.48755373767833815,0.12214188385634146
train:14,-0.5580373021461964,0.275252077737173
train:15,-0.7640898612772126,0.21296399618406797
train:16,-0.8803888407475114,0.41812293573615456
train:17,-0.5131487407017123,-0.040976916555086854
train:18,-0.6452212145781476,0.32031515237454017
train:19,-0.6121185571787399,0.4529838652248536
train:20,-0.6150923831591463,-0.21802488739934367
train:21,-0.8003945734144736,-0.1754008817106878
train:22,-0.636789634906378,0.2182329164094727
train:23,-0.9003040692379823,-0.1993601202438252
train:24,-0.4589971488106383,-0.017501856627245356
train:25,-1.0343417584556778,0.025270999378379382
train:26,-0.3884589429697499,0.20928990827340746
train:27,-0.7908642511924183,-0.08878242327395218
train:28,-0.799880780525307,0.38041146238237517
train:29,-0.7367287061783113,0.4591183088854545
train:30,-1.2658967875239078,0.13456844730290352
train:31,-0.6291502087304328,0.23369048965665812
train:32,-0.32608028124036914,0.24812923255536207
train:33,-0.8800712999923466,0.17890986792027794
train:34,-0.7518106036132669,0.16125171479627942
train:35,-0.8727445536562807,0.13872580502274837
train:36,-0.9253435223529289,0.06327349721004599
train:37,-0.6346104221620612,0.17002421880033244
train:38,-0.02489480761953089,0.12935709581579813
train:39,-0.6060314028057541,0.6971733956866871
train:40,-0.1991780642705121,0.13015257204300895
train:41,-0.983825252719589,-0.14085519961161938
train:42,-0.7677546400111113,0.11623044478004521
train:43,-0.6433664532878355,0.46728670815117884
train:44,-0.6661108516050319,0.2658719037177381
train:45,-0.8675677960075734,0.3253366703354138
train:46,0.3810486612786322,0.19141172162931525
train:47,-0.5197483995284878,0.2751313476691184
train:48,-0.8354950669962753,0.1554780631919783
train:49,-0.28342399265163293,0.7738392958453233
train:50,-0.8488634039451797,0.2219139950594531
train:51,-0.9613626703584703,0.007373168756798273
train:52,-0.20861948445156026,-0.40020042571995695
train:53,-0.7246605762204463,0.08368732986655385
train:54,-0.9198269691561829,0.33749171346679113
train:55,-1.4030941888077517,0.3348326459516827
train:56,-0.577441958835943,0.10189768148943086
train:57,-0.6076659587771027,0.3393652665582195
train:58,-0.9188119163401522,0.1647490418632364
train:59,-0.5421577460824423,0.6508679268573883
train:60,-0.949380924136103,0.7311148332326405
train:61,-0.6446550057952383,0.11950427791094514
train:62,-0.5820563730078716,0.09658080479229166
train:63,-0.6176217574997617,0.6359185803587593
train:64,-0.38229536095281536,0.792888501232891
train:65,0.09604593599183384,-0.15715968345056175
train:66,-0.5962069659262961,0.04260432779987899
train:67,-0.8675754094893461,0.5372682031869179
train:68,-0.5096428494758849,0.3000421481616316
train:69,-0.8378362712066169,0.11183229104432658
train:70,-0.923910547952823,0.6491595299823923
train:71,-0.057463057163741296,0.7594663358036196
train:72,-0.602746126855601,1.0197463810506617
train:73,-0.5014157210723338,0.28194259975697494
train:74,-1.078413978958398,0.021534449211895602
train:75,-0.6329611077491224,0.2542164188181605
train:76,-0.8983828363952703,0.10590526261934696
train:77,-0.7035781424089802,-0.060860073451397344
train:78,-0.8317199513419172,0.24170369450948076
train:79,-0.5399604952428486,0.2749261694700795
train:80,-0.6193530632548676,0.18113355219054328
train:81,-0.25860644324773746,-0.272153640170992
train:82,-0.46062450125692506,-0.1111347617285944
train:83,-1.0278280148424446,-0.012096110156501992
train:84,-0.775779366929998,0.23847890141490988
train:85,-0.8654502524656152,0.41908269433738293
train:86,-0.8100157888958457,-0.38910940806676425
train:87,-0.6976624085063684,0.7229323825808832
train:88,-1.354207553823459,-0.008494219106167687
train:89,0.23647965268150808,0.06654794203063642
train:90,-0.6251832919006479,0.0077122196138131715
train:91,-0.885781879843807,-0.08268950460491145
train:92,-0.6800921909671254,0.8890610807601889
train:93,-0.6398581608869874,0.6844598973447401
train:94,-0.7287161022650164,0.30723030595992024
train:95,-0.7931200087111727,0.25279002836732917
train:96,-0.7513318327402546,0.1837174692579628
train:97,-0.42430169245914284,0.6430229890999956
train:98,-1.029469598643122,0.05666417262744464
train:99,-0.7902730936153924,0.6964174171366337
train:100,-0.5843133603967585,-0.32572381539413237
train:101,-0.7709940008096506,0.50679193530705
train:102,-1.1652421075305877,0.40117542621771995
train:103,-0.6241391907233923,0.2771892116027158
train:104,-0.33697921465892905,0.2865231418815496
train:105,-0.9089015642471517,0.18607282410331838
train:106,-0.7883708944771122,0.32022563595754894
train:107,-0.6651355060247081,0.4297044935674243
train:108,-0.622745923558993,1.0908841443699113
train:109,-0.572309476512006,0.1877379133482275
train:110,-0.9028478506287214,0.7194232411644756
train:111,-0.8417582099286987,0.5899266461879576
train:112,-1.138025432889634,-0.15432221226800966
train:113,-0.9456660135529935,0.6783704740453593
train:114,-1.1155628505285153,0.09146250004553406
train:115,-0.35936982033467374,0.15307740835582984
train:116,0.5476144242828762,0.4995904251966604
train:117,-0.7398856071127282,0.3642527529351009
train:118,-0.29811965229973636,0.7323732362176147
train:119,-0.7806721417085846,0.09528874139749209
train:120,-0.5525945411574009,0.8353387870494475
train:121,-0.7718645731677337,0.07629794363694203
train:122,-0.6894105655696783,0.11190852505661003
train:123,-0.638460969851213,0.5243621099767077
train:124,-0.9393795030880524,0.31536469527885325
train:125,-0.8104564923599946,0.7013086976239777
train:126,0.9536100162485599,-0.3815719929320537
train:127,-0.5578159840875893,0.6899050541083993
train:128,-1.0987215945863835,0.011768980594844734
train:129,-0.5897283028944617,0.46855482826380773
train:130,-0.8921507916076261,0.05200458271801025
train:131,-1.0096723791201274,0.2998618569945715
train:132,-0.8636976289615458,0.5251782787923054
train:133,0.015597202362211807,0.1743945493935579
train:134,-1.1235450590799638,0.06471794124517097
train:135,-0.5480091753466971,-0.017981753404707836
train:136,-0.019310728695985616,0.3733733957572847
train:137,0.11497000628599141,0.36749156246200815
train:138,-0.6518206391439455,-0.028302321677454955
train:139,-0.40419337435786806,-0.21279002955127516
train:140,-0.288411233169445,0.8929902957023289
train:141,-1.097670816971266,0.10242607652092511
train:142,0.12394548138255196,-0.475513478005407
train:143,-1.0127745215510255,0.19251548946053343
train:144,0.029057252483854733,-0.026482370079761838
train:145,-0.709421606799996,0.5037635470336717
train:146,-1.0244136610936225,0.23573244965830278
train:147,-0.5265730660242681,0.3202922577032675
train:148,-1.0407081519139874,-0.1669864608514481
train:149,-0.7696991232558521,0.8308639449033897
train:150,-0.8318914303775357,-0.05597009498925167
train:151,-0.9706960376635909,0.11335557314213167
train:152,-0.9183100707608443,0.3338153535658516
train:153,-0.8005702691476891,0.6431499409260448
train:154,-0.1621184461328683,0.7950971554136186
train:155,-0.825815286270498,-0.25099186831464854
train:156,-0.2154643559566603,0.1561766477722154
train:157,-0.5701470134275891,0.5526729963522381
train:158,-1.036195699832568,0.22088209202844344
train:159,-0.7230058738050223,0.2039968699973491
train:160,-0.647526986815624,0.1745183903406098
train:161,-0.6908768050286064,0.09533016152796248
