update,epoch,batch_rows,exposures,elapsed_seconds,learning_rate,batch_mse_before_update
1,1,128,128,0.1544315000064671,0.001,1.0502492189407349
2,1,32,160,0.15820860001258552,0.001,0.988664448261261
3,2,128,288,0.1686675000237301,0.001,0.9627136588096619
4,2,32,320,0.17685200000414625,0.001,1.2507035732269287
5,3,128,448,0.1867249000351876,0.001,0.9894668459892273
6,3,32,480,0.19765089999418706,0.001,1.0623639822006226
7,4,128,608,0.20685040001990274,0.001,0.9566681981086731
8,4,32,640,0.2168629000079818,0.001,1.1161640882492065
9,5,128,768,0.2263774999883026,0.001,0.9376797080039978
10,5,32,800,0.2368580999900587,0.001,1.1142029762268066
