update,split,predictor,scope,count,standardized_mse,displacement_standardized_mse,velocity_standardized_mse,displacement_loss_contribution,velocity_loss_contribution,displacement_mae_m,displacement_p95_m,displacement_max_m,velocity_mae_m_s,velocity_p95_m_s,velocity_max_m_s,pass_rate_coarse,pass_rate_intermediate,pass_rate_fine
0,train,model,overall,160,1.0401944255035385,1.0028062708233052,1.077582580183772,0.5014031354116526,0.538791290091886,4.739109721024218,17.530583776198622,31.861288009096736,2.6623392822528613,11.162873901304197,21.778079987574614,0.0,0.0,0.0
0,train,model,always_resting,14,0.005606983038730493,0.008923053029163212,0.0022909130482977745,0.004461526514581606,0.0011454565241488873,0.7251867807581951,0.9730728495425307,1.0341992106507956,0.19394949482383822,0.363693937701456,0.46855496807859415,0.0,0.0,0.0
0,train,model,moved_then_stopped,72,0.05498409157481148,0.1050097199787457,0.004958463170877273,0.05250485998937285,0.0024792315854386365,1.6729545671226758,4.237721694081838,10.068717553886888,0.25117891929228947,0.6898407812510923,1.0908841443699113,0.0,0.0,0.0
0,train,model,moving_at_observation,74,2.1945102124951017,2.0643700101466336,2.3246504148435703,1.0321850050733168,1.1623252074217851,8.48178664324902,26.57946977894889,31.861288009096736,5.475325811403775,14.11236129251703,21.778079987574614,0.0,0.0,0.0
0,train,model,breakaway,24,0.0066585589479844455,0.010908209636497733,0.0024089082594711563,0.005454104818248867,0.0012044541297355782,0.7404556175175371,1.2873087624874984,1.3311577450390837,0.19977469306527448,0.436913076103238,0.46855496807859415,0.0,0.0,0.0
0,validation,model,overall,40,1.1521729698422873,0.9244310985653273,1.3799148411192472,0.4622155492826637,0.6899574205596236,5.371717312459085,15.069428654369103,22.746954588924037,3.8533704036045497,10.811755618233196,11.829529171254922,0.0,0.0,0.0
0,validation,model,always_resting,3,0.005894568371681497,0.008411288998084934,0.003377847745278063,0.004205644499042467,0.0016889238726390315,0.7127127587963379,0.8428646713781969,0.8625067632818109,0.23428995720457133,0.40251174099241444,0.4313610191566666,0.0,0.0,0.0
0,validation,model,moved_then_stopped,14,0.05799184482365157,0.107658575356032,0.008325114291271123,0.053829287678016,0.004162557145635562,2.214142350628465,4.715839538683961,5.093391383099285,0.312779484180082,0.8519645757536413,0.9064648059266398,0.0,0.0,0.0
0,validation,model,moving_at_observation,23,1.9677108374367533,1.5410778269841041,2.3943438478894024,0.7705389134920521,1.1971719239447012,7.901415709268514,19.762792281853034,22.746954588924037,6.4805666736542245,10.966057149076672,11.829529171254922,0.0,0.0,0.0
0,validation,model,breakaway,4,0.005815908400842597,0.007857932138879467,0.003773884662805728,0.003928966069439733,0.001886942331402864,0.6892418621749284,0.8330436254263898,0.8625067632818109,0.2583348031662969,0.4162272674408876,0.4313610191566666,0.0,0.0,0.0
10,train,model,overall,160,0.959997574435733,0.9357018722232887,0.9842932766481773,0.46785093611164436,0.49214663832408867,4.515986912544454,16.786818592478568,31.103845606543995,2.4723909725326663,10.499810040028185,21.293469843940482,0.0125,0.0,0.0
10,train,model,always_resting,14,0.00417156229896252,0.007935605259422792,0.00040751933850224545,0.003967802629711396,0.00020375966925112273,0.691142511359241,0.8580493888844924,0.8629245677353974,0.0727340504326993,0.17035488028887463,0.20593519228857632,0.0,0.0,0.0
10,train,model,moved_then_stopped,72,0.04669520028629534,0.09146097835777144,0.001929422214819237,0.04573048917888572,0.0009647111074096185,1.5404746910374885,4.10051233668969,9.487627342374234,0.13543877849904754,0.4702696426374995,0.7739649194309017,0.027777777777777776,0.0,0.0
10,train,model,moving_at_observation,74,2.0294480488772777,1.9326487924369555,2.1262473053175994,0.9663243962184778,1.0631236526587997,8.134699095856543,25.970261348207696,31.103845606543995,5.200171443881587,13.521988980503862,21.293469843940482,0.0,0.0,0.0
10,train,model,breakaway,24,0.004985665893313798,0.00951326092700548,0.0004580708596221162,0.00475663046350274,0.0002290354298110581,0.6955452152295013,1.2588839075938643,1.2824532959109007,0.07884580989073162,0.19561182258308402,0.20593519228857632,0.041666666666666664,0.0,0.0
10,validation,model,overall,40,1.0679858389002277,0.8660663999114405,1.2699052778890145,0.43303319995572026,0.6349526389445073,5.146234188838328,14.449813738995193,22.205630939710677,3.6495453674068927,10.21222278147526,11.796762946896036,0.0,0.0,0.0
10,validation,model,always_resting,3,0.0036281254605107175,0.00582238922593382,0.0014338616950876147,0.00291119461296691,0.0007169308475438073,0.5929667071273425,0.6766114183746234,0.6820663667907796,0.15247758475039547,0.25670023003772224,0.26960733536593073,0.0,0.0,0.0
10,validation,model,moved_then_stopped,14,0.04686040309527882,0.08991158530138517,0.003809220889172483,0.044955792650692585,0.0019046104445862415,2.050668334724238,4.228388110504553,4.6613046233596265,0.23144253179621946,0.5671936025560629,0.6019169525472616,0.0,0.0,0.0
10,validation,model,moving_at_observation,23,1.8283697189692898,1.4507142015026273,2.206025236435952,0.7253571007513137,1.103012618217976,7.6243961193918155,19.418240978281393,22.205630939710677,6.186268978125108,10.283156131716762,11.796762946896036,0.0,0.0,0.0
10,validation,model,breakaway,4,0.0035918047153807083,0.006028983366519433,0.001154626064241984,0.0030144916832597164,0.000577313032120992,0.6049611313973198,0.6758980724032504,0.6820663667907796,0.1352375522880667,0.25024667737361794,0.26960733536593073,0.0,0.0,0.0
